NCTC1	S. flexneri
NCTC2	S. flexneri
NCTC5	S. flexneri
NCTC60	P. mirabilis
NCTC74	S. enterica
NCTC86	E. coli
NCTC92	S. enterica
NCTC120	B. mallei
NCTC122	E. coli
NCTC144	Y. pestis
NCTC232	M. morganii
NCTC235	M. morganii
NCTC243	K. aerogenes
NCTC275	C. sporogenes
NCTC370	E. faecalis
NCTC380	C. diptheriae
NCTC401	P. vulgaris
NCTC404	K. zopfii
NCTC418	K. pneumoniae
NCTC452	B. bronchiseptica
NCTC500	C. tetanomorphum
NCTC503	C. histolyticum
NCTC507	C. sphenoides
NCTC532	C. sporogenes
NCTC534	C. sporogenes
NCTC538	C. novyi
NCTC539	C. tetani
NCTC540	C. tetani
NCTC618	S. enterica
NCTC624	B. abortus
NCTC630	N. farcinica
NCTC751	C. botulinum
NCTC764	C. striatum
NCTC775	E. faecalis
NCTC779	S. enterica
NCTC912	P. putida
NCTC934	C. segmentosum
NCTC946	M. chelonae
NCTC949	C. kutscheri
NCTC962	B. licheniformis
NCTC963	M. lylae
NCTC1024	B. licheniformis
NCTC1080	S. anginosus
NCTC1093	E. coli
NCTC1101	Y. pseudotuberculosis
NCTC1103	Y. pseudotuberculosis
NCTC1407	l. odontolyticus
NCTC1478	B. abortus
NCTC1542	M. fortuitum
NCTC1621	R. hoagii
NCTC1659	H. haemoglobinophilus
NCTC1803	S. aureus
NCTC1934	N. otitidiscaviarum
NCTC1936	K. pneumoniae
NCTC1937	C. terrigena
NCTC2012	C. botulinum
NCTC2120	B. licheniformis
NCTC2218	S. pyogenes
NCTC2275	M. marinum
NCTC2366	S. pyogenes
NCTC2400	E. faecalis
NCTC2599	B. cereus
NCTC2611	B. brevis
NCTC2665	M. luteus
NCTC2669	S. aureus
NCTC2705	E. faecalis
NCTC2837	C. perfringens
NCTC2909	C. cochlearium
NCTC2916	C. botulinum
NCTC2966	S. dysenteriae
NCTC3046	S. sp.
NCTC3072	S. enterica
NCTC3165	S. gordonii
NCTC3166	S. sanguinis
NCTC3168	S. sanguinis
NCTC3182	C. perfringens
NCTC3233	A. sp.
NCTC3279	K. aerogenes
NCTC3372	N. meningitidis
NCTC3438	A. volantium
NCTC3529	C. diphtheriae
NCTC3571	Y. pseudotuberculosis
NCTC3605	B. abortus
NCTC3622	M. (branhamella)
NCTC3655	C. kutscheri
NCTC3708	B. mallei
NCTC3709	B. mallei
NCTC3750	S. aureus
NCTC3756	P. fluorescens
NCTC3761	S. aureus
NCTC3805	C. botulinum
NCTC3806	C. botulinum
NCTC3807	C. botulinum
NCTC3815	C. botulinum
NCTC3858	S. uberis
NCTC4001	S. pyogenes
NCTC4103	M. (branhamella)
NCTC4133	S. warneri
NCTC4136	S. aureus
NCTC4137	S. aureus
NCTC4163	S. aureus
NCTC4168	E. coli
NCTC4169	E. coli
NCTC4174	E. coli
NCTC4189	A. lignieresii
NCTC4191	A. lignieresii
NCTC4199	P. mirabilis
NCTC4444	S. enterica
NCTC4450	E. coli
NCTC4524	M. farcinogenes
NCTC4557	H. parasuis
NCTC4587	C. botulinum
NCTC4656	C. pseudotuberculosis
NCTC4669	S. dysgalactiae
NCTC4670	S. dysgalactiae
NCTC4671	S. dysgalactiae
NCTC4672	S. uberis
NCTC4673	S. uberis
NCTC4674	S. uberis
NCTC4675	S. equi
NCTC4676	S. equi
NCTC4681	C. pseudotuberculosis
NCTC4725	S. sp.
NCTC4744	P. polymyxa
NCTC4824	B. lentus
NCTC4837	S. dysenteriae
NCTC4840	S. enterica
NCTC5011	C. diphtheriae
NCTC5048	K. pneumoniae
NCTC5051	K. pneumoniae
NCTC5052	K. pneumoniae
NCTC5054	K. pneumoniae
NCTC5055	K. pneumoniae
NCTC5056	K. pneumoniae
NCTC5057	K. pneumoniae
NCTC5061	B. suis
NCTC5163	S. pyogenes
NCTC5164	S. pyogenes
NCTC5224	T. pyogenes
NCTC5338	S. sp.
NCTC5370	S. dysgalactiae
NCTC5371	S. dysgalactiae
NCTC5385	S. sp.
NCTC5386	S. sp.
NCTC5650	R. equi
NCTC5655	S. aureus
NCTC5656	S. aureus
NCTC5657	S. aureus
NCTC5658	S. aureus
NCTC5660	S. aureus
NCTC5661	S. pseudintermedius
NCTC5663	S. aureus
NCTC5706	S. enterica
NCTC5716	S. enterica
NCTC5717	S. enterica
NCTC5722	S. enterica
NCTC5735	S. enterica
NCTC5740	S. enterica
NCTC5741	S. enterica
NCTC5742	S. enterica
NCTC5743	S. enterica
NCTC5747	S. enterica
NCTC5750	S. enterica
NCTC5754	S. enterica
NCTC5772	S. enterica
NCTC5773	S. enterica
NCTC5774	S. enterica
NCTC5778	S. enterica
NCTC5785	S. enterica
NCTC5791	S. enterica
NCTC5793	S. sp.
NCTC5794	S. enterica
NCTC5797	S. enterica
NCTC5800	S. enterica
NCTC5801	S. enterica
NCTC5866	A. lwoffii
NCTC5867	A. lwoffii
NCTC5906	A. aphrophilus
NCTC5908	A. aphrophilus
NCTC5923	Y. pestis
NCTC5934	E. coli
NCTC5952	B. parapertussis
NCTC5957	E. faecalis
NCTC5968	S. sp.
NCTC5969	S. dysgalactiae
NCTC6005	B. megaterium
NCTC6016	S. enterica
NCTC6017	S. enterica
NCTC6020	S. enterica
NCTC6022	S. enterica
NCTC6024	S. enterica
NCTC6026	S. enterica
NCTC6086	S. enterica
NCTC6131	S. aureus
NCTC6134	S. aureus
NCTC6135	S. aureus
NCTC6136	S. aureus
NCTC6137	S. aureus
NCTC6175	S. agalactiae
NCTC6176	S. equi
NCTC6179	s. equisimilis
NCTC6180	S. equi
NCTC6181	S. dysgalactiae
NCTC6197	P. mirabilis
NCTC6198	S. canis
NCTC6245	S. enterica
NCTC6266	C. freundii
NCTC6344	P. alcalifaciens
NCTC6355	P. macerans
NCTC6385	S. enterica
NCTC6403	S. dysgalactiae
NCTC6407	S. dysgalactiae
NCTC6455	N. meningitidis
NCTC6474	B. cereus
NCTC6480	S. enterica
NCTC6482	S. enterica
NCTC6507	S. aureus
NCTC6513	S. epidermidis
NCTC6571	S. aureus
NCTC6578	H. alvei
NCTC6700	B. pseudomallei
NCTC6703	S. enterica
NCTC6750	P. aeruginosa
NCTC6759	S. enterica
NCTC6802	S. enterica
NCTC6816	B. licheniformis
NCTC6933	P. rustigianii
NCTC6947	S. sp.
NCTC6966	S. aureus
NCTC7017	M. smegmatis
NCTC7022	S. equi
NCTC7023	S. equi
NCTC7096	A. migulanus
NCTC7101	S. enterica
NCTC7102	S. enterica
NCTC7112	S. enterica
NCTC7121	S. aureus
NCTC7136	S. dysgalactiae
NCTC7151	S. pseudintermedius
NCTC7152	E. coli
NCTC7170	E. hirae
NCTC7171	E. faecium
NCTC7174	E. faecium
NCTC7175	E. hirae
NCTC7176	E. faecium
NCTC7179	E. casseliflavus
NCTC7242	K. pneumoniae
NCTC7243	C. amycolatum
NCTC7244	P. aeruginosa
NCTC7273	C. botulinum
NCTC7291	S. warneri
NCTC7292	S. saprophyticus
NCTC7308	S. enterica
NCTC7318	S. enterica
NCTC7357	P. chlororaphis
NCTC7360	E. coli
NCTC7361	S. aureus
NCTC7362	E. coli
NCTC7364	A. baumannii
NCTC7366	S. salivarius
NCTC7379	E. faecium
NCTC7380	E. faecium
NCTC7388	S. enterica
NCTC7404	S. enterica
NCTC7406	S. enterica
NCTC7411	S. enterica
NCTC7412	A. baumannii
NCTC7415	S. aureus
NCTC7422	A. baumannii
NCTC7427	K. pneumoniae
NCTC7428	S. aureus
NCTC7445	S. aureus
NCTC7446	S. aureus
NCTC7447	S. aureus
NCTC7448	C. renale
NCTC7464	B. cereus
NCTC7465	S. pneumoniae
NCTC7466	S. pneumoniae
NCTC7471	B. abortus
NCTC7474	S. epidermidis
NCTC7476	P. rettgeri
NCTC7485	S. aureus
NCTC7486	S. sp.
NCTC7503	M. luteus
NCTC7511	K. rosea
NCTC7512	K. rosea
NCTC7514	K. rosea
NCTC7526	S. saprophyticus
NCTC7528	K. rosea
NCTC7540	S. saprophyticus
NCTC7547	C. fimi
NCTC7563	M. luteus
NCTC7575	P. polymyxa
NCTC7582	B. sphaericus
NCTC7589	B. licheniformis
NCTC7595	A. viridans
NCTC7623	S. saprophyticus
NCTC7666	S. saprophyticus
NCTC7687	S. saprophyticus
NCTC7688	S. saprophyticus
NCTC7692	S. saprophyticus
NCTC7712	S. aureus
NCTC7718	S. aureus
NCTC7744	S. enterica
NCTC7761	K. edwardsii
NCTC7791	S. aureus
NCTC7799	K. pneumoniae
NCTC7802	S. saprophyticus
NCTC7807	S. griseus
NCTC7831	S. enterica
NCTC7832	S. enterica
NCTC7836	S. enterica
NCTC7838	C. diphtheriae
NCTC7856	S. aureus
NCTC7857	H. parainfluenzae
NCTC7863	S. sanguinis
NCTC7865	S. gordonii
NCTC7868	S. gordonii
NCTC7869	S. gordonii
NCTC7870	S. gordonii
NCTC7887	S. agnetis
NCTC7908	C. ulcerans
NCTC7910	C. ulcerans
NCTC7911	M. lacunata
NCTC7914	P. putida
NCTC7915	D. congolensis
NCTC7921	E. coli
NCTC7924	S. sonnei
NCTC7926	E. coli
NCTC7927	E. coli
NCTC7944	S. hyicus
NCTC7972	S. aureus
NCTC7973	L. monocytogenes
NCTC7978	S. pneumoniae
NCTC7982	S. dysgalactiae
NCTC7988	S. aureus
NCTC7990	S. lugdunensis
NCTC7999	E. rhusiopathiae
NCTC8003	E. coli
NCTC8004	S. aureus
NCTC8006	E. dispar
NCTC8007	E. coli
NCTC8008	E. coli
NCTC8015	S. plymuthica
NCTC8017	S. agalactiae
NCTC8036	R. erythropolis
NCTC8038	B. abortus
NCTC8049	A. hydrophila
NCTC8058	P. aeruginosa
NCTC8066	P. pentosaceus
NCTC8067	P. taetrolens
NCTC8068	P. mucidolens
NCTC8081	C. perfringens
NCTC8100	S. agalactiae
NCTC8102	A. sp.
NCTC8105	H. alvei
NCTC8113	P. rustigianii
NCTC8129	E. durans
NCTC8130	E. durans
NCTC8131	E. faecalis
NCTC8132	E. faecalis
NCTC8133	S. gallolyticus
NCTC8134	H. aegyptius
NCTC8135	H. influenzae
NCTC8140	S. bovis
NCTC8143	H. influenzae
NCTC8151	M. phlei
NCTC8155	C. sakazakii
NCTC8156	M. phlei
NCTC8159	M. smegmatis
NCTC8163	E. rhusiopathiae
NCTC8164	E. coli
NCTC8165	C. freundii
NCTC8167	K. oxytoca
NCTC8172	K. pneumoniae
NCTC8175	E. faecalis
NCTC8176	E. faecalis
NCTC8178	S. aureus
NCTC8179	E. coli
NCTC8180	S. agalactiae
NCTC8181	S. agalactiae
NCTC8182	S. agalactiae
NCTC8183	S. agalactiae
NCTC8184	S. agalactiae
NCTC8185	S. agalactiae
NCTC8187	S. agalactiae
NCTC8188	S. agalactiae
NCTC8193	S. pyogenes
NCTC8195	S. pyogenes
NCTC8196	E. coli
NCTC8198	S. pyogenes
NCTC8199	S. pyogenes
NCTC8203	P. aeruginosa
NCTC8213	E. faecalis
NCTC8224	S. pyogenes
NCTC8225	S. pyogenes
NCTC8227	S. pyogenes
NCTC8229	S. pyogenes
NCTC8230	S. pyogenes
NCTC8231	S. pyogenes
NCTC8232	S. pyogenes
NCTC8233	B. licheniformis
NCTC8239	C. perfringens
NCTC8246	C. perfringens
NCTC8247	C. perfringens
NCTC8249	N. meningitidis
NCTC8251	A. viridans
NCTC8254	N. gonorrhoeae
NCTC8263	N. flavescens
NCTC8267	S. enterica
NCTC8270	S. enterica
NCTC8273	S. enterica
NCTC8282	P. dagmatis
NCTC8284	P. pneumotropica
NCTC8294	S. hyicus
NCTC8300	S. pyogenes
NCTC8302	S. pyogenes
NCTC8303	S. pyogenes
NCTC8304	S. pyogenes
NCTC8305	S. pyogenes
NCTC8308	S. pyogenes
NCTC8314	S. pyogenes
NCTC8316	S. pyogenes
NCTC8317	S. aureus
NCTC8318	S. pyogenes
NCTC8320	S. pyogenes
NCTC8322	S. pyogenes
NCTC8324	S. pyogenes
NCTC8325	S. aureus
NCTC8326	S. pyogenes
NCTC8330	S. pyogenes
NCTC8332	S. pyogenes
NCTC8333	E. coli
NCTC8334	B. melitensis
NCTC8340	K. rhizophila
NCTC8344	B. bronchiseptica
NCTC8350	C. haemolyticum
NCTC8359	C. perfringens
NCTC8370	S. pyogenes
NCTC8380	C. fallax
NCTC8385	S. enterica
NCTC8387	S. enterica
NCTC8389	S. enterica
NCTC8392	S. enterica
NCTC8399	S. aureus
NCTC8443	V. metschnikovii
NCTC8449	C. perfringens
NCTC8450	E. coli
NCTC8452	A. haemolyticum
NCTC8455	H. influenzae
NCTC8468	H. influenzae
NCTC8479	H. parahaemolyticus
NCTC8480	Y. pseudotuberculosis
NCTC8489	P. multocida
NCTC8495	S. enterica
NCTC8496	S. enterica
NCTC8497	S. enterica
NCTC8502	H. aegyptius
NCTC8503	C. perfringens
NCTC8506	P. aeruginosa
NCTC8507	S. aureus
NCTC8520	S. flexneri
NCTC8524	S. flexneri
NCTC8529	A. equuli
NCTC8530	S. aureus
NCTC8531	S. aureus
NCTC8532	S. aureus
NCTC8535	H. alvei
NCTC8540	H. haemoglobinophilus
NCTC8543	S. dysgalactiae
NCTC8545	B. diminuta
NCTC8546	S. dysgalactiae
NCTC8550	C. botulinum
NCTC8554	N. meningitidis
NCTC8563	V. metschnikovii
NCTC8576	S. boydii
NCTC8580	Y. pseudotuberculosis
NCTC8582	A. denitrificans
NCTC8603	E. coli
NCTC8618	S. salivarius
NCTC8620	E. coli
NCTC8621	E. coli
NCTC8623	E. coli
NCTC8639	C. ulcerans
NCTC8661	J. lividum
NCTC8666	C. ulcerans
NCTC8678	C. perfringens
NCTC8679	C. perfringens
NCTC8683	C. violaceum
NCTC8684	C. violaceum
NCTC8705	S. enterica
NCTC8718	S. enterica
NCTC8720	B. licheniformis
NCTC8721	B. licheniformis
NCTC8723	S. aureus
NCTC8724	S. aureus
NCTC8725	S. aureus
NCTC8726	S. aureus
NCTC8727	E. faecalis
NCTC8729	E. faecalis
NCTC8732	E. faecalis
NCTC8734	E. faecalis
NCTC8736	E. gallinarum
NCTC8738	S. lutetiensis
NCTC8745	E. faecalis
NCTC8746	S. lutetiensis
NCTC8762	B. bronchiseptica
NCTC8765	S. aureus
NCTC8766	S. aureus
NCTC8781	E. coli
NCTC8783	E. coli
NCTC8785	S. enterica
NCTC8796	S. lutetiensis
NCTC8797	C. perfringens
NCTC8798	C. perfringens
NCTC8799	C. perfringens
NCTC8839	K. edwardsii
NCTC8846	R. ornithinolytica
NCTC8849	K. pneumoniae
NCTC8883	K. pneumoniae
NCTC8895	K. pneumoniae
NCTC8900	S. marcescens
NCTC8959	E. coli
NCTC8960	E. coli
NCTC8984	E. coli
NCTC9002	E. coli
NCTC9003	E. coli
NCTC9004	E. coli
NCTC9005	E. coli
NCTC9006	E. coli
NCTC9007	E. coli
NCTC9008	E. coli
NCTC9009	E. coli
NCTC9010	E. coli
NCTC9011	E. coli
NCTC9012	E. coli
NCTC9013	E. coli
NCTC9014	E. coli
NCTC9015	E. coli
NCTC9016	E. coli
NCTC9018	E. coli
NCTC9019	E. coli
NCTC9020	E. coli
NCTC9021	E. coli
NCTC9022	E. coli
NCTC9023	E. coli
NCTC9024	E. coli
NCTC9026	E. coli
NCTC9028	E. coli
NCTC9029	E. coli
NCTC9030	E. coli
NCTC9031	E. coli
NCTC9032	E. coli
NCTC9033	E. coli
NCTC9034	E. coli
NCTC9035	E. coli
NCTC9036	E. coli
NCTC9037	E. coli
NCTC9038	E. coli
NCTC9040	E. coli
NCTC9041	E. coli
NCTC9043	E. coli
NCTC9044	E. coli
NCTC9045	E. coli
NCTC9047	E. coli
NCTC9048	E. coli
NCTC9049	E. coli
NCTC9050	E. coli
NCTC9052	E. coli
NCTC9053	E. coli
NCTC9054	E. coli
NCTC9055	E. coli
NCTC9056	E. coli
NCTC9058	E. coli
NCTC9060	E. coli
NCTC9062	E. coli
NCTC9064	E. coli
NCTC9065	E. coli
NCTC9066	E. coli
NCTC9067	C. braakii
NCTC9068	E. coli
NCTC9069	E. coli
NCTC9070	E. coli
NCTC9071	E. coli
NCTC9076	E. coli
NCTC9078	E. coli
NCTC9079	E. coli
NCTC9080	E. coli
NCTC9081	E. coli
NCTC9082	E. coli
NCTC9083	E. coli
NCTC9084	E. coli
NCTC9085	E. coli
NCTC9086	E. coli
NCTC9087	E. coli
NCTC9088	E. coli
NCTC9089	E. coli
NCTC9091	E. coli
NCTC9092	E. coli
NCTC9094	C. gillenii
NCTC9095	E. coli
NCTC9096	E. coli
NCTC9097	E. coli
NCTC9098	E. coli
NCTC9099	E. coli
NCTC9100	E. coli
NCTC9101	E. coli
NCTC9102	E. coli
NCTC9103	E. coli
NCTC9104	E. coli
NCTC9105	E. coli
NCTC9107	E. coli
NCTC9108	E. coli
NCTC9109	E. coli
NCTC9110	E. coli
NCTC9111	E. coli
NCTC9112	E. coli
NCTC9113	E. coli
NCTC9114	E. coli
NCTC9116	E. coli
NCTC9117	E. coli
NCTC9119	E. coli
NCTC9120	E. coli
NCTC9121	E. coli
NCTC9123	E. coli
NCTC9124	S. sp.
NCTC9127	K. pneumoniae
NCTC9129	K. sp.
NCTC9130	K. pneumoniae
NCTC9132	K. pneumoniae
NCTC9133	K. pneumoniae
NCTC9134	K. pneumoniae
NCTC9135	K. pneumoniae
NCTC9136	K. pneumoniae
NCTC9137	K. pneumoniae
NCTC9138	K. pneumoniae
NCTC9139	K. pneumoniae
NCTC9142	K. pneumoniae
NCTC9143	K. pneumoniae
NCTC9144	K. pneumoniae
NCTC9145	K. pneumoniae
NCTC9150	K. pneumoniae
NCTC9151	K. pneumoniae
NCTC9152	R. ornithinolytica
NCTC9153	K. pneumoniae
NCTC9154	K. pneumoniae
NCTC9155	R. ornithinolytica
NCTC9156	K. pneumoniae
NCTC9157	K. pneumoniae
NCTC9158	K. pneumoniae
NCTC9159	K. pneumoniae
NCTC9161	K. pneumoniae
NCTC9162	K. pneumoniae
NCTC9163	K. pneumoniae
NCTC9164	K. sp.
NCTC9166	K. pneumoniae
NCTC9167	K. pneumoniae
NCTC9169	K. pneumoniae
NCTC9170	K. pneumoniae
NCTC9171	K. pneumoniae
NCTC9174	K. pneumoniae
NCTC9175	K. pneumoniae
NCTC9176	K. pneumoniae
NCTC9178	K. pneumoniae
NCTC9179	R. planticola
NCTC9180	K. pneumoniae
NCTC9181	K. pneumoniae
NCTC9182	K. pneumoniae
NCTC9184	K. pneumoniae
NCTC9186	K. oxytoca
NCTC9189	K. sp.
NCTC9238	C. sakazakii
NCTC9239	B. vancanneytii
NCTC9309	S. aureus
NCTC9322	S. enterica
NCTC9336	P. nigrescens
NCTC9343	B. fragilis
NCTC9353	S. boydii
NCTC9362	S. boydii
NCTC9369	S. aureus
NCTC9370	C. violaceum
NCTC9380	M. haemolytica
NCTC9388	N. meningitidis
NCTC9390	N. meningitidis
NCTC9393	S. aureus
NCTC9394	E. cloacae
NCTC9413	S. dysgalactiae
NCTC9414	S. dysgalactiae
NCTC9419	S. rubidaea
NCTC9426	M. bovis
NCTC9428	P. fluorescens
NCTC9433	P. aeruginosa
NCTC9434	E. coli
NCTC9494	K. pneumoniae
NCTC9495	K. pneumoniae
NCTC9498	K. pneumoniae
NCTC9499	K. pneumoniae
NCTC9504	K. pneumoniae
NCTC9527	R. planticola
NCTC9528	R. planticola
NCTC9529	C. universalis
NCTC9546	S. aureus
NCTC9547	S. aureus
NCTC9551	S. aureus
NCTC9552	S. aureus
NCTC9553	S. aureus
NCTC9555	S. aureus
NCTC9556	S. aureus
NCTC9603	S. dysgalactiae
NCTC9606	S. enterica
NCTC9611	S. aureus
NCTC9612	S. aureus
NCTC9613	S. aureus
NCTC9614	S. aureus
NCTC9616	K. pneumoniae
NCTC9632	K. pneumoniae
NCTC9633	K. pneumoniae
NCTC9635	K. pneumoniae
NCTC9636	K. pneumoniae
NCTC9637	K. pneumoniae
NCTC9644	K. pneumoniae
NCTC9645	K. pneumoniae
NCTC9652	K. pneumoniae
NCTC9656	K. pneumoniae
NCTC9657	K. pneumoniae
NCTC9660	K. pneumoniae
NCTC9661	K. pneumoniae
NCTC9662	K. pneumoniae
NCTC9667	K. pneumoniae
NCTC9668	K. pneumoniae
NCTC9682	S. equi
NCTC9684	S. enterica
NCTC9691	C. novyi
NCTC9693	C. haemolyticum
NCTC9695	C. violaceum
NCTC9697	A. haemolyticum
NCTC9699	E. coli
NCTC9701	E. coli
NCTC9702	E. coli
NCTC9703	E. coli
NCTC9705	E. coli
NCTC9706	E. coli
NCTC9707	E. coli
NCTC9708	E. coli
NCTC9709	A. actinomycetemcomitans
NCTC9712	M. haemolytica
NCTC9714	N. meningitidis
NCTC9718	S. dysenteriae
NCTC9728	S. flexneri
NCTC9733	S. boydii
NCTC9734	S. boydii
NCTC9735	E. aerogenes
NCTC9737	K. ascorbata
NCTC9742	B. iodinum
NCTC9750	C. freundii
NCTC9752	S. aureus
NCTC9755	C. striatum
NCTC9757	C. violaceum
NCTC9770	S. boydii
NCTC9775	E. coli
NCTC9776	E. coli
NCTC9777	E. coli
NCTC9778	E. coli
NCTC9783	S. flexneri
NCTC9787	S. enterica
NCTC9793	K. pneumoniae
NCTC9796	J. lividum
NCTC9810	A. octavius
NCTC9828	S. agalactiae
NCTC9836	C. putrefaciens
NCTC9837	C. botulinum
NCTC9850	S. boydii
NCTC9851	C. perfringens
NCTC9853	S. enterica
NCTC9854	S. enterica
NCTC9855	E. coli
NCTC9868	S. enterica
NCTC9872	S. enterica
NCTC9877	S. enterica
NCTC9884	S. enterica
NCTC9912	S. enterica
NCTC9930	S. enterica
NCTC9932	B. licheniformis
NCTC9935	A. odontolyticus
NCTC9936	S. enterica
NCTC9938	E. avium
NCTC9941	S. enterica
NCTC9944	S. aureus
NCTC9948	S. sp.
NCTC9961	E. coli
NCTC9963	E. coli
NCTC9964	E. coli
NCTC9965	E. coli
NCTC9966	E. coli
NCTC9967	E. coli
NCTC9969	E. coli
NCTC9993	S. agalactiae
NCTC9997	K. aerogenes
NCTC10002	E. coli
NCTC10004	K. pneumoniae
NCTC10016	E. meningoseptica
NCTC10025	N. meningitidis
NCTC10026	N. meningitidis
NCTC10035	S. aureus
NCTC10036	S. rubidaea
NCTC10038	P. fluorescens
NCTC10042	M. xenopi
NCTC10046	S. enterica
NCTC10056	S. enterica
NCTC10071	B. neotomae
NCTC10075	S. enterica
NCTC10080	S. enterica
NCTC10081	S. enterica
NCTC10084	B. neotomae
NCTC10085	S. pyogenes
NCTC10087	E. coli
NCTC10089	E. coli
NCTC10090	E. coli
NCTC10093	B. abortus
NCTC10097	B. suis
NCTC10112	M. orale
NCTC10113	M. salivarium
NCTC10115	M. gallisepticum
NCTC10116	A. laidlawii
NCTC10117	M. fermentans
NCTC10118	M. bovirhinis
NCTC10119	M. pneumoniae
NCTC10121	M. hyorhinis
NCTC10122	M. bovigenitalium
NCTC10124	M. synoviae
NCTC10125	M. dispar
NCTC10129	M. arginini
NCTC10130	M. hyorhinis
NCTC10132	M. edwardii
NCTC10135	M. alkalescens
NCTC10138	A. axanthum
NCTC10139	M. pulmonis
NCTC10142	M. cynos
NCTC10146	M. canis
NCTC10147	M. conjunctivae
NCTC10148	M. equirhinis
NCTC10150	A. oculi
NCTC10151	M. ovipneumoniae
NCTC10153	M. meleagridis
NCTC10155	M. putrefaciens
NCTC10156	M. anatis
NCTC10162	M. arthritidis
NCTC10166	M. neurolyticum
NCTC10168	M. maculosum
NCTC10172	A. hippikon
NCTC10178	M. columbinum
NCTC10179	M. columborale
NCTC10181	M. citelli
NCTC10183	M. gallinaceum
NCTC10184	M. columbinasale
NCTC10185	M. iowae
NCTC10189	M. californicum
NCTC10194	M. glycophilum
NCTC10199	M. cloacale
NCTC10204	P. multocida
NCTC10206	C. matruchotii
NCTC10207	R. dentocariosa
NCTC10208	M. haemolytica
NCTC10210	R. rhodochrous
NCTC10211	S. marcescens
NCTC10212	N. animalis
NCTC10213	K. pneumoniae
NCTC10217	Y. pseudotuberculosis
NCTC10220	A. ureae
NCTC10221	A. ureae
NCTC10228	S. sp.
NCTC10231	S. gordonii
NCTC10232	S. oralis
NCTC10233	S. sp.
NCTC10234	S. suis
NCTC10237	S. suis
NCTC10238	S. dysgalactiae
NCTC10239	C. perfringens
NCTC10240	C. perfringens
NCTC10246	K. pneumoniae
NCTC10252	S. enterica
NCTC10254	C. matruchotii
NCTC10257	S. maltophilia
NCTC10258	S. maltophilia
NCTC10259	S. maltophilia
NCTC10261	K. oxytoca
NCTC10262	K. pneumoniae
NCTC10263	R. ornithinolytica
NCTC10271	M. flavescens
NCTC10275	Y. pseudotuberculosis
NCTC10278	Y. pseudotuberculosis
NCTC10279	E. coli
NCTC10283	A. crassa
NCTC10285	C. minutissimum
NCTC10286	P. alcalifaciens
NCTC10287	G. vaginalis
NCTC10288	C. minutissimum
NCTC10289	C. minutissimum
NCTC10293	M. (branhamella)
NCTC10294	N. cinerea
NCTC10295	B. denitrificans
NCTC10296	N. canis
NCTC10297	M. (branhamella)
NCTC10299	P. aeruginosa
NCTC10301	A. naeslundii
NCTC10304	a. genospecies
NCTC10305	A. haemolyticus
NCTC10306	A. haemolyticus
NCTC10307	A. junii
NCTC10308	A. johnsonii
NCTC10310	S. enterica
NCTC10314	K. pneumoniae
NCTC10316	B. suis
NCTC10317	K. pneumoniae
NCTC10319	S. pneumoniae
NCTC10321	S. dysgalactiae
NCTC10322	P. multocida
NCTC10323	P. multocida
NCTC10327	B. pumilus
NCTC10332	P. aeruginosa
NCTC10335	B. firmus
NCTC10337	B. pumilus
NCTC10338	B. sphaericus
NCTC10341	B. licheniformis
NCTC10342	B. megaterium
NCTC10343	P. polymyxa
NCTC10344	S. aureus
NCTC10345	S. aureus
NCTC10350	S. hyicus
NCTC10353	S. thermophilus
NCTC10354	C. fetus
NCTC10357	L. monocytogenes
NCTC10359	m. liquefaciens
NCTC10360	P. shigelloides
NCTC10361	E. coli
NCTC10363	P. shigelloides
NCTC10364	P. shigelloides
NCTC10367	P. alcaligenes
NCTC10376	P. vulgaris
NCTC10381	S. enterica
NCTC10382	P. multocida
NCTC10386	S. equinus
NCTC10388	A. odorans
NCTC10389	S. equinus
NCTC10392	P. fluorescens
NCTC10396	E. tarda
NCTC10397	E. tarda
NCTC10399	S. aureus
NCTC10400	B. subtilis
NCTC10401	S. enterica
NCTC10402	A. salmonicida
NCTC10409	M. thermoresistibile
NCTC10426	C. hominis
NCTC10430	E. coli
NCTC10436	S. enterica
NCTC10437	M. aurum
NCTC10442	S. aureus
NCTC10443	S. aureus
NCTC10444	E. coli
NCTC10446	S. suis
NCTC10449	S. mutans
NCTC10450	P. stutzeri
NCTC10452	B. licheniformis
NCTC10459	G. haemolysans
NCTC10460	Y. enterocolitica
NCTC10465	M. osloensis
NCTC10471	B. breve
NCTC10473	P. stutzeri
NCTC10475	P. stutzeri
NCTC10476	Y. ruckeri
NCTC10480	S. enterica
NCTC10483	K. cryocrescens
NCTC10485	M. chitae
NCTC10487	E. coli
NCTC10488	N. dassonvillei
NCTC10498	S. maltophilia
NCTC10500	P. agglomerans
NCTC10512	B. ovis
NCTC10516	S. saprophyticus
NCTC10517	S. xylosus
NCTC10518	S. warneri
NCTC10519	S. epidermidis
NCTC10520	B. parapertussis
NCTC10522	B. parapertussis
NCTC10524	B. parapertussis
NCTC10526	P. phenylpyruvicus
NCTC10529	K. kingae
NCTC10530	S. chromogenes
NCTC10532	S. enterica
NCTC10535	P. bettyae
NCTC10537	E. coli
NCTC10538	E. coli
NCTC10542	B. bronchiseptica
NCTC10543	B. bronchiseptica
NCTC10551	Y. pseudotuberculosis
NCTC10560	F. varium
NCTC10562	F. nucleatum
NCTC10568	A. lignieresii
NCTC10570	M. hypermegale
NCTC10571	M. hypermegale
NCTC10578	C. perfringens
NCTC10582	B. thetaiotaomicron
NCTC10583	B. vulgatus
NCTC10586	C. meningosepticum
NCTC10588	E. meningoseptica
NCTC10596	E. corrodens
NCTC10597	K. zopfii
NCTC10599	L. adecarboxylata
NCTC10600	L. adecarboxylata
NCTC10601	P. agglomerans
NCTC10609	M. haemolytica
NCTC10613	C. perfringens
NCTC10614	C. perfringens
NCTC10616	N. lactamica
NCTC10617	N. lactamica
NCTC10618	N. lactamica
NCTC10619	H. haemoglobinophilus
NCTC10636	M. haemolytica
NCTC10643	M. haemolytica
NCTC10649	S. aureus
NCTC10650	E. coli
NCTC10652	S. aureus
NCTC10654	S. aureus
NCTC10655	S. aureus
NCTC10656	S. aureus
NCTC10657	S. aureus
NCTC10659	H. haemolyticus
NCTC10660	N. elongata
NCTC10661	B. cepacia
NCTC10662	P. aeruginosa
NCTC10664	E. coli
NCTC10665	H. parainfluenzae
NCTC10667	G. bronchialis
NCTC10669	G. terrae
NCTC10671	H. paraphrohaemolyticus
NCTC10672	H. parainfluenzae
NCTC10675	V. alginolyticus
NCTC10684	A. aminovorans
NCTC10686	P. chlororaphis
NCTC10691	p. nigrifaciens
NCTC10692	P. oleovorans
NCTC10695	S. putrefaciens
NCTC10696	P. synxantha
NCTC10697	P. taetrolens
NCTC10698	C. testosteroni
NCTC10699	P. mairii
NCTC10703	S. aureus
NCTC10705	S. enterica
NCTC10707	S. sp.
NCTC10708	S. constellatus
NCTC10710	S. sp.
NCTC10713	S. anginosus
NCTC10717	S. indologenes
NCTC10718	S. enterica
NCTC10719	C. perfringens
NCTC10722	P. multocida
NCTC10723	F. necrogenes
NCTC10724	S. aureus
NCTC10727	P. aeruginosa
NCTC10728	P. aeruginosa
NCTC10730	P. aeruginosa
NCTC10731	P. aeruginosa
NCTC10735	S. baltica
NCTC10736	S. putrefaciens
NCTC10737	S. putrefaciens
NCTC10738	S. putrefaciens
NCTC10741	T. paurometabola
NCTC10742	M. gilvum
NCTC10743	B. cepacia
NCTC10746	K. kingae
NCTC10757	E. coli
NCTC10758	E. coli
NCTC10764	E. coli
NCTC10766	E. coli
NCTC10767	E. coli
NCTC10768	C. koseri
NCTC10769	C. koseri
NCTC10770	C. koseri
NCTC10771	C. koseri
NCTC10774	N. mucosa
NCTC10782	P. aeruginosa
NCTC10783	P. aeruginosa
NCTC10788	S. aureus
NCTC10794	H. parahaemolyticus
NCTC10796	C. indologenes
NCTC10801	A. rossii
NCTC10804	S. aureus
NCTC10805	C. amalonaticus
NCTC10807	A. xylosoxidans
NCTC10808	A. xylosoxidans
NCTC10810	C. koseri
NCTC10811	C. koseri
NCTC10812	L. grayi
NCTC10815	L. grayi
NCTC10816	J. denitrificans
NCTC10817	L. mesenteroides
NCTC10819	M. chubuense
NCTC10820	M. aichiense
NCTC10821	M. tokaiense
NCTC10825	O. splanchnicus
NCTC10826	O. splanchnicus
NCTC10832	S. mutans
NCTC10833	S. aureus
NCTC10838	C. diphtheriae
NCTC10839	H. haemolyticus
NCTC10842	C. fetus
NCTC10848	S. rubidaea
NCTC10849	C. koseri
NCTC10850	E. coli
NCTC10851	A. seminis
NCTC10853	B. parapertussis
NCTC10855	E. coli
NCTC10856	M. terrae
NCTC10860	P. pseudoalcaligenes
NCTC10861	S. liquefaciens
NCTC10863	E. coli
NCTC10864	E. coli
NCTC10866	S. pyogenes
NCTC10870	S. pyogenes
NCTC10871	S. pyogenes
NCTC10872	S. pyogenes
NCTC10874	S. pyogenes
NCTC10875	S. pyogenes
NCTC10876	S. pyogenes
NCTC10877	S. pyogenes
NCTC10879	S. pyogenes
NCTC10880	S. pyogenes
NCTC10882	M. abscessus
NCTC10884	V. parahaemolyticus
NCTC10887	L. monocytogenes
NCTC10893	R. mannitolilytica
NCTC10894	R. mannitolilytica
NCTC10897	P. mendocina
NCTC10898	P. mendocina
NCTC10899	P. mendocina
NCTC10902	B. pertussis
NCTC10903	V. parahaemolyticus
NCTC10904	S. sanguinis
NCTC10905	B. pertussis
NCTC10907	B. pertussis
NCTC10908	B. pertussis
NCTC10910	B. pertussis
NCTC10911	B. pertussis
NCTC10913	C. carnis
NCTC10917	R. dentocariosa
NCTC10918	R. dentocariosa
NCTC10920	S. ratti
NCTC10921	S. sobrinus
NCTC10923	S. mutans
NCTC10924	S. porcinus
NCTC10925	S. porcinus
NCTC10926	A. paragallinarum
NCTC10927	E. faecalis
NCTC10928	N. gonorrhoeae
NCTC10931	N. gonorrhoeae
NCTC10936	P. putida
NCTC10937	P. lemoignei
NCTC10938	Y. enterocolitica
NCTC10941	C. ureolyticus
NCTC10951	A. viscosus
NCTC10957	E. coli
NCTC10958	E. coli
NCTC10959	E. coli
NCTC10960	E. coli
NCTC10961	E. coli
NCTC10962	E. coli
NCTC10963	E. coli
NCTC10965	S. blattae
NCTC10973	E. coli
NCTC10974	E. coli
NCTC10976	A. pleuropneumoniae
NCTC10977	A. segnis
NCTC10983	C. jejuni
NCTC10986	C. baratii
NCTC10988	S. aureus
NCTC10994	R. coprophilus
NCTC10995	K. denitrificans
NCTC10999	S. porcinus
NCTC11007	L. ivanovii
NCTC11008	O. urethralis
NCTC11009	O. urethralis
NCTC11010	O. urethralis
NCTC11012	M. equi
NCTC11014	R. anatipestifer
NCTC11019	M. (branhamella)
NCTC11020	M. (branhamella)
NCTC11022	E. coli
NCTC11023	E. coli
NCTC11025	B. sphaericus
NCTC11027	P. thiaminolyticus
NCTC11029	S. heliotrinireducens
NCTC11030	S. paucimobilis
NCTC11032	S. paucimobilis
NCTC11034	S. multivorum
NCTC11035	B. coccoides
NCTC11036	M. odoratus
NCTC11039	D. nishinomiyaensis
NCTC11040	K. sedentarius
NCTC11041	S. cohnii
NCTC11042	S. haemolyticus
NCTC11043	S. xylosus
NCTC11044	S. warneri
NCTC11045	S. capitis
NCTC11046	S. simulans
NCTC11047	S. epidermidis
NCTC11048	S. intermedius
NCTC11050	N. elongata
NCTC11060	S. mutans
NCTC11062	S. anginosus
NCTC11063	S. constellatus
NCTC11064	S. anginosus
NCTC11066	V. vulnificus
NCTC11067	V. vulnificus
NCTC11074	C. koseri
NCTC11075	C. koseri
NCTC11076	C. koseri
NCTC11077	C. koseri
NCTC11079	S. agalactiae
NCTC11085	S. sanguinis
NCTC11086	S. sanguinis
NCTC11087	S. pleomorphus
NCTC11088	P. indolicus
NCTC11091	M. atlantae
NCTC11096	A. aphrophilus
NCTC11097	C. sputigena
NCTC11138	C. kutscheri
NCTC11140	C. renale
NCTC11142	C. renale
NCTC11144	C. perfringens
NCTC11149	R. pickettii
NCTC11150	S. aureus
NCTC11151	E. coli
NCTC11152	B. distasonis
NCTC11153	B. ovatus
NCTC11155	B. eggerthii
NCTC11157	P. disiens
NCTC11158	T. praeacuta
NCTC11159	I. fluviatilis
NCTC11164	B. diminuta
NCTC11165	B. diminuta
NCTC11166	B. vesicularis
NCTC11168	C. jejuni
NCTC11169	S. anginosus
NCTC11179	M. odoratus
NCTC11180	M. odoratimimus
NCTC11181	E. coli
NCTC11184	T. equigenitalis
NCTC11186	E. coli
NCTC11188	A. gallinarum
NCTC11189	S. mitis
NCTC11190	R. microfusus
NCTC11192	L. pneumophila
NCTC11193	L. pneumophila
NCTC11194	S. moniliformis
NCTC11199	C. botulinum
NCTC11212	C. balustinum
NCTC11214	S. odorifera
NCTC11219	C. botulinum
NCTC11224	C. clostridiiforme
NCTC11227	M. (branhamella)
NCTC11228	K. pneumoniae
NCTC11230	L. pneumophila
NCTC11242	S. agalactiae
NCTC11286	L. pneumophila
NCTC11291	S. hyovaginalis
NCTC11293	N. asteroides
NCTC11294	N. brasiliensis
NCTC11296	A. paragallinarum
NCTC11297	A. avium
NCTC11300	S. termitidis
NCTC11305	E. meningoseptica
NCTC11318	V. harveyi
NCTC11320	S. hominis
NCTC11323	G. morbillorum
NCTC11324	S. intermedius
NCTC11325	S. constellatus
NCTC11326	F. nucleatum
NCTC11327	V. fluvialis
NCTC11341	E. coli
NCTC11351	C. jejuni
NCTC11352	C. lari
NCTC11355	K. oxytoca
NCTC11356	K. oxytoca
NCTC11357	K. pneumoniae
NCTC11358	K. pneumoniae
NCTC11359	K. pneumoniae
NCTC11360	S. agalactiae
NCTC11366	C. coli
NCTC11368	F. bozemanae
NCTC11370	F. dumoffii
NCTC11373	A. madurae
NCTC11384	A. pleuropneumoniae
NCTC11386	S. spiritivorum
NCTC11390	C. lactis
NCTC11391	S. downei
NCTC11394	H. influenzae
NCTC11397	C. diphtheriae
NCTC11401	L. gormanii
NCTC11404	L. pneumophila
NCTC11407	A. pleuropneumoniae
NCTC11413	G. anatis
NCTC11417	L. pneumophila
NCTC11426	H. influenzae
NCTC11427	S. oralis
NCTC11429	S. thalpophilum
NCTC11432	C. gleum
NCTC11434	P. gergoviae
NCTC11435	V. mimicus
NCTC11436	S. bovis
NCTC11437	C. coli
NCTC11440	P. aeruginosa
NCTC11444	P. aeruginosa
NCTC11445	P. aeruginosa
NCTC11446	P. aeruginosa
NCTC11447	P. aeruginosa
NCTC11448	P. aeruginosa
NCTC11449	P. aeruginosa
NCTC11450	P. aeruginosa
NCTC11452	P. aeruginosa
NCTC11458	C. lari
NCTC11460	P. anaerobius
NCTC11466	C. lapagei
NCTC11467	C. sakazakii
NCTC11468	T. ptyseos
NCTC11469	Y. intermedia
NCTC11470	Y. frederiksenii
NCTC11471	Y. kristensenii
NCTC11472	E. coli
NCTC11473	E. coli
NCTC11474	E. coli
NCTC11475	E. coli
NCTC11476	E. coli
NCTC11477	L. longbeachae
NCTC11483	H. ducreyi
NCTC11488	W. succinogenes
NCTC11490	A. denticolens
NCTC11497	M. mulieris
NCTC11526	F. thermophilum
NCTC11531	L. oakridgensis
NCTC11532	L. wadsworthii
NCTC11533	L. jordanis
NCTC11535	A. bovis
NCTC11540	C. upsaliensis
NCTC11541	C. upsaliensis
NCTC11543	S. grimesii
NCTC11544	S. proteamaculans
NCTC11545	C. ochracea
NCTC11546	C. ochracea
NCTC11554	S. dysgalactiae
NCTC11555	S. dysgalactiae
NCTC11556	S. dysgalactiae
NCTC11557	S. dysgalactiae
NCTC11558	S. macacae
NCTC11560	E. coli
NCTC11561	S. aureus
NCTC11564	S. dysgalactiae
NCTC11565	s. equisimilis
NCTC11567	S. sp.
NCTC11571	E. cloacae
NCTC11579	E. cloacae
NCTC11588	E. cloacae
NCTC11593	E. cloacae
NCTC11606	S. equi
NCTC11607	A. sp.
NCTC11608	C. hyointestinalis
NCTC11610	C. hyointestinalis
NCTC11613	H. fennelliae
NCTC11617	P. dagmatis
NCTC11619	P. multocida
NCTC11620	P. multocida
NCTC11632	P. macacae
NCTC11634	W. virosa
NCTC11635	W. virosa
NCTC11636	A. howellii
NCTC11640	G. hollisae
NCTC11641	V. hollisae
NCTC11646	P. damselae
NCTC11647	P. damselae
NCTC11648	P. damselae
NCTC11653	C. sputigena
NCTC11656	M. curtisii
NCTC11660	B. zoohelcum
NCTC11661	B. zoohelcum
NCTC11666	P. propionicum
NCTC11667	P. friedericiana
NCTC11800	P. stuartii
NCTC11801	P. rettgeri
NCTC11802	P. rustigianii
NCTC11806	A. prevotii
NCTC11807	S. saccharolyticus
NCTC11808	P. micra
NCTC11810	V. parvula
NCTC11811	C. indolis
NCTC11814	B. adolescentis
NCTC11815	B. breve
NCTC11816	B. dentium
NCTC11817	B. longum
NCTC11818	B. longum
NCTC11819	F. grandis
NCTC11824	S. equi
NCTC11827	C. jejuni
NCTC11830	V. atypica
NCTC11831	V. dispar
NCTC11833	C. paraputrificum
NCTC11838	C. aerofaciens
NCTC11839	P. aeruginosa
NCTC11840	C. upsaliensis
NCTC11842	P. luteola
NCTC11845	C. lari
NCTC11846	L. ivanovii
NCTC11848	C. jejuni
NCTC11853	B. tectus
NCTC11854	S. equi
NCTC11857	L. welshimeri
NCTC11861	C. xerosis
NCTC11862	C. pilosum
NCTC11863	C. cystitidis
NCTC11865	P. granulosum
NCTC11868	S. dysenteriae
NCTC11873	H. influenzae
NCTC11878	h. bacterium
NCTC11886	S. pneumoniae
NCTC11888	S. pneumoniae
NCTC11889	S. pneumoniae
NCTC11890	S. pneumoniae
NCTC11891	S. pneumoniae
NCTC11893	S. pneumoniae
NCTC11895	S. pneumoniae
NCTC11897	S. pneumoniae
NCTC11898	S. pneumoniae
NCTC11899	S. pneumoniae
NCTC11900	S. pneumoniae
NCTC11901	S. pneumoniae
NCTC11902	S. pneumoniae
NCTC11903	S. pneumoniae
NCTC11904	S. pneumoniae
NCTC11905	S. pneumoniae
NCTC11907	S. pneumoniae
NCTC11908	S. pneumoniae
NCTC11913	C. jeikeium
NCTC11914	C. jeikeium
NCTC11917	C. jeikeium
NCTC11921	C. canimorsus
NCTC11923	A. slackii
NCTC11924	C. jejuni
NCTC11925	C. jejuni
NCTC11930	S. agalactiae
NCTC11931	H. influenzae
NCTC11937	C. lari
NCTC11939	S. aureus
NCTC11940	S. aureus
NCTC11941	S. moniliformis
NCTC11948	S. enterica
NCTC11951	C. jejuni
NCTC11962	S. aureus
NCTC11963	S. aureus
NCTC11964	S. epidermidis
NCTC11965	S. aureus
NCTC11966	Y. regensburgei
NCTC11967	Y. regensburgei
NCTC11968	Y. regensburgei
NCTC11969	M. (branhamella)
NCTC11976	L. cherrii
NCTC11978	L. feeleii
NCTC11979	L. hackeliae
NCTC11982	T. maceachernii
NCTC11983	L. parisiensis
NCTC11984	L. pneumophila
NCTC11985	L. pneumophila
NCTC11986	L. pneumophila
NCTC11988	L. sainthelensi
NCTC11990	L. spiritensis
NCTC11991	L. steigerwaltii
NCTC11994	L. monocytogenes
NCTC11995	P. multocida
NCTC11997	O. ureolytica
NCTC11998	O. ureolytica
NCTC11999	O. urethralis
NCTC12000	L. pneumophila
NCTC12003	P. heimbachae
NCTC12007	L. pneumophila
NCTC12008	L. pneumophila
NCTC12010	L. israelensis
NCTC12011	C. urealyticum
NCTC12015	C. ureolyticus
NCTC12018	V. rodentium
NCTC12020	V. criceti
NCTC12022	L. feeleii
NCTC12023	S. enterica
NCTC12024	L. pneumophila
NCTC12025	L. pneumophila
NCTC12026	P. rustigianii
NCTC12028	M. morganii
NCTC12031	H. mustelae
NCTC12033	B. avium
NCTC12035	S. aureus
NCTC12044	S. pyogenes
NCTC12045	S. pyogenes
NCTC12046	S. pyogenes
NCTC12047	S. pyogenes
NCTC12048	S. pyogenes
NCTC12049	S. pyogenes
NCTC12050	S. pyogenes
NCTC12051	S. pyogenes
NCTC12052	S. pyogenes
NCTC12054	S. pyogenes
NCTC12057	S. pyogenes
NCTC12058	S. pyogenes
NCTC12059	S. pyogenes
NCTC12060	S. pyogenes
NCTC12061	S. pyogenes
NCTC12062	S. pyogenes
NCTC12064	S. pyogenes
NCTC12065	S. pyogenes
NCTC12066	S. pyogenes
NCTC12067	S. pyogenes
NCTC12068	S. pyogenes
NCTC12069	S. pyogenes
NCTC12077	C. ulcerans
NCTC12082	L. spiritensis
NCTC12090	S. equi
NCTC12091	S. equi
NCTC12092	S. equi
NCTC12093	S. putrefaciens
NCTC12100	S. epidermidis
NCTC12101	S. auricularis
NCTC12102	S. lentus
NCTC12103	S. sciuri
NCTC12112	F. ulcerans
NCTC12116	S. enterica
NCTC12119	B. agrestis
NCTC12121	E. hoshinae
NCTC12122	E. ictaluri
NCTC12124	E. amnigenus
NCTC12125	E. intermedius
NCTC12127	S. blattae
NCTC12128	E. fergusonii
NCTC12129	E. hermannii
NCTC12130	E. vulneris
NCTC12131	Y. regensburgei
NCTC12132	M. wisconsensis
NCTC12140	S. pneumoniae
NCTC12143	C. coli
NCTC12146	R. terrigena
NCTC12148	S. ficaria
NCTC12149	F. mizutaii
NCTC12150	P. testudinis
NCTC12151	L. richardii
NCTC12152	L. grimontii
NCTC12153	A. junii
NCTC12155	A. haemolyticus
NCTC12156	A. baumannii
NCTC12157	E. americana
NCTC12159	L. anguillarum
NCTC12160	V. alginolyticus
NCTC12167	S. vestibularis
NCTC12168	B. anthropi
NCTC12171	B. intermedia
NCTC12174	L. pneumophila
NCTC12179	L. pneumophila
NCTC12180	L. pneumophila
NCTC12181	L. pneumophila
NCTC12191	S. canis
NCTC12194	H. influenzae
NCTC12196	S. caprae
NCTC12198	H. mustelae
NCTC12201	E. faecalis
NCTC12202	E. faecium
NCTC12203	E. faecalis
NCTC12204	E. faecium
NCTC12208	C. jejuni
NCTC12210	L. innocua
NCTC12217	S. lugdunensis
NCTC12218	S. schleiferi
NCTC12219	H. cinaedi
NCTC12221	H. cinaedi
NCTC12224	S. hyointestinalis
NCTC12225	S. delphini
NCTC12227	N. animaloris
NCTC12228	N. animaloris
NCTC12229	N. zoodegmatis
NCTC12230	N. zoodegmatis
NCTC12232	S. aureus
NCTC12233	S. aureus
NCTC12239	L. moravica
NCTC12241	E. coli
NCTC12242	C. canimorsus
NCTC12244	A. caviae
NCTC12257	P. stuartii
NCTC12261	S. mitis
NCTC12264	C. upsaliensis
NCTC12266	Y. ruckeri
NCTC12268	Y. ruckeri
NCTC12269	Y. ruckeri
NCTC12270	Y. ruckeri
NCTC12272	L. pneumophila
NCTC12273	L. pneumophila
NCTC12277	S. criceti
NCTC12278	S. ferus
NCTC12279	S. sobrinus
NCTC12282	B. aquatica
NCTC12284	P. fontium
NCTC12285	P. fontium
NCTC12286	M. morganii
NCTC12289	M. morganii
NCTC12358	M. morganii
NCTC12359	E. gallinarum
NCTC12360	E. gallinarum
NCTC12361	E. casseliflavus
NCTC12362	E. casseliflavus
NCTC12364	E. mundtii
NCTC12365	E. malodoratus
NCTC12366	E. malodoratus
NCTC12367	E. hirae
NCTC12368	E. hirae
NCTC12373	L. geestiana
NCTC12376	L. quateirensis
NCTC12377	L. worsleiensis
NCTC12378	B. gladioli
NCTC12379	R. mannitolilytica
NCTC12388	L. gratiana
NCTC12410	H. canis
NCTC12413	S. arlettae
NCTC12414	S. equorum
NCTC12415	S. kloosii
NCTC12416	S. enterica
NCTC12417	S. enterica
NCTC12418	S. enterica
NCTC12419	S. bongori
NCTC12420	S. enterica
NCTC12421	E. cecorum
NCTC12422	E. cecorum
NCTC12433	L. quinlivanii
NCTC12437	L. birminghamensis
NCTC12438	L. cincinnatiensis
NCTC12441	P. mirabilis
NCTC12446	P. mirabilis
NCTC12447	P. aeruginosa
NCTC12448	P. aeruginosa
NCTC12449	P. aeruginosa
NCTC12450	L. sainthelensi
NCTC12463	K. pneumoniae
NCTC12467	A. thomasii
NCTC12470	C. helveticus
NCTC12474	C. sputorum
NCTC12475	C. sputorum
NCTC12480	L. monocytogenes
NCTC12481	A. butzleri
NCTC12495	S. pneumoniae
NCTC12499	A. felis
NCTC12650	E. coli
NCTC12652	E. coli
NCTC12653	E. coli
NCTC12654	E. coli
NCTC12655	E. coli
NCTC12696	S. pyogenes
NCTC12697	E. faecalis
NCTC12698	S. flexneri
NCTC12699	H. influenzae
NCTC12700	N. gonorrhoeae
NCTC12701	L. ivanovii
NCTC12705	S. enterica
NCTC12709	S. enterica
NCTC12710	S. enterica
NCTC12713	A. skirrowii
NCTC12714	H. muridarum
NCTC12722	A. felis
NCTC12737	P. penneri
NCTC12738	C. gracilis
NCTC12740	H. canis
NCTC12742	N. weaveri
NCTC12821	L. pneumophila
NCTC12823	H. pylori
NCTC12830	L. lansingensis
NCTC12931	L. londiniensis
NCTC13125	E. coli
NCTC13127	E. coli
NCTC13128	E. coli
NCTC13166	S. australis
NCTC13257	C. jejuni
NCTC13351	E. coli
NCTC13352	E. coli
NCTC13353	E. coli
NCTC13357	C. jejuni
NCTC13392	B. pseudomallei
NCTC13417	B. cenocepacia
NCTC13420	A. baumannii
NCTC13421	A. baumannii
NCTC13422	A. baumannii
NCTC13423	A. baumannii
NCTC13424	A. baumannii
NCTC13434	S. aureus
NCTC13435	S. aureus
NCTC13437	P. aeruginosa
NCTC13438	K. pneumoniae
NCTC13439	K. pneumoniae
NCTC13440	K. pneumoniae
NCTC13441	E. coli
NCTC13450	E. coli
NCTC13451	E. coli
NCTC13452	E. coli
NCTC13461	E. coli
NCTC13462	E. coli
NCTC13463	E. coli
NCTC13464	E. cloacae
NCTC13477	N. gonorrhoeae
NCTC13481	N. gonorrhoeae
NCTC13483	N. gonorrhoeae
NCTC13484	N. gonorrhoeae
NCTC13520	A. insolitus
NCTC13552	S. aureus
NCTC13616	S. aureus
NCTC13618	P. aeruginosa
NCTC13619	P. aeruginosa
NCTC13620	P. aeruginosa
NCTC13621	P. aeruginosa
NCTC13639	C. freundii
NCTC13644	L. plantarum
NCTC13647	V. vulnificus
NCTC13651	P. australiense
NCTC13667	B. pertussis
NCTC13668	B. pertussis
NCTC13669	K. pneumoniae
NCTC13671	K. pneumoniae
NCTC13672	K. pneumoniae
NCTC13673	K. pneumoniae
NCTC13674	K. pneumoniae
NCTC13675	K. pneumoniae
NCTC13676	K. pneumoniae
NCTC13684	K. pneumoniae
NCTC13685	K. pneumoniae
NCTC13686	K. pneumoniae
NCTC13687	K. pneumoniae
NCTC13688	K. pneumoniae
NCTC13691	K. pneumoniae
NCTC13694	K. pneumoniae
NCTC13695	K. pneumoniae
NCTC13696	K. pneumoniae
NCTC13697	K. pneumoniae
NCTC13698	K. pneumoniae
NCTC13700	K. pneumoniae
NCTC13701	K. pneumoniae
NCTC13705	E. faecalis
NCTC13706	B. thetaiotaomicron
NCTC13709	C. youngae
NCTC13711	S. argenteus
NCTC13712	S. schweitzeri
NCTC13715	P. aeruginosa
NCTC13716	P. aeruginosa
NCTC13717	P. aeruginosa
NCTC13718	P. aeruginosa
NCTC13719	P. aeruginosa
NCTC13720	L. acidophilus
NCTC13721	L. acidophilus
NCTC13722	L. gasseri
NCTC13734	S. pneumoniae
NCTC13735	S. pneumoniae
NCTC13736	S. pyogenes
NCTC13737	S. pyogenes
NCTC13738	S. pyogenes
NCTC13739	S. pyogenes
NCTC13740	S. pyogenes
NCTC13741	S. pyogenes
NCTC13742	S. pyogenes
NCTC13743	S. pyogenes
NCTC13744	S. pyogenes
NCTC13745	S. pyogenes
NCTC13746	C. difficile
NCTC13747	C. difficile
NCTC13748	C. difficile
NCTC13749	C. difficile
NCTC13751	S. pyogenes
NCTC13753	S. pneumoniae
NCTC13754	S. pneumoniae
NCTC13755	S. pneumoniae
NCTC13758	S. aureus
NCTC13760	S. infantarius
NCTC13766	S. urinalis
NCTC13771	S. infantis
NCTC13775	K. oxytoca
NCTC13779	E. faecalis
NCTC13780	E. faecalis
NCTC13784	S. gallolyticus
NCTC13786	S. pseudoporcinus
NCTC13795	N. gonorrhoeae
NCTC13798	N. gonorrhoeae
NCTC13799	N. gonorrhoeae
NCTC13800	N. gonorrhoeae
NCTC13801	N. gonorrhoeae
NCTC13802	N. gonorrhoeae
NCTC13805	N. gonorrhoeae
NCTC13807	S. oligofermentans
NCTC13811	S. aureus
NCTC13812	S. aureus
NCTC13818	N. gonorrhoeae
NCTC13820	N. gonorrhoeae
NCTC13821	N. gonorrhoeae
NCTC13825	S. carnosus
NCTC13826	S. carnosus
NCTC13827	S. condimenti
NCTC13828	S. devriesei
NCTC13829	S. fleurettii
NCTC13830	S. jettensis
NCTC13832	S. microti
NCTC13833	S. muscae
NCTC13834	S. nepalensis
NCTC13835	S. petrasii
NCTC13836	S. piscifermentans
NCTC13838	S. simiae
NCTC13840	A. otitis
NCTC13846	E. coli
NCTC13919	E. coli
NCTC13921	P. aeruginosa
NCTC13924	S. epidermidis
NCTC13936	L. booriae
NCTC13940	L. fleischmannii
NCTC14382	Y. canariae
